epoch,train_d_loss,train_g_loss
0,0.6640251361484975,0.6969988795994188
1,0.6557991621590881,0.7529867457936822
