epoch,train_d_loss,train_g_loss
0,0.6640251361484975,0.6969988795994188
1,0.6557991621590881,0.7529867457936822
epoch,train_d_loss,train_g_loss
0,0.6695999260396083,0.7102832242624083
epoch,train_d_loss,train_g_loss
0,0.6758585258333414,0.6947955001137658
1,0.6640499576068382,0.7361049672433817
2,0.6572450137595887,0.7548936269939073
